krumplifej@citromail.hu;A rendelését két napon belül szállítjuk. A rendelés értéke: 116400.0
kisspal@citromail.hu;A rendelését két napon belül szállítjuk. A rendelés értéke: 247300.0
szputnyik@fidesz.gov;A rendelését két napon belül szállítjuk. A rendelés értéke: 2900.0
kovacs7@merchant.org;A rendelését két napon belül szállítjuk. A rendelés értéke: 7400.0
eva2001@fidesz.gov;A rendelését két napon belül szállítjuk. A rendelés értéke: 127600.0
nagyatilla@fidesz.gov;A rendelését két napon belül szállítjuk. A rendelés értéke: 200600.0
zoltantoth@fidesz.gov;A rendelését két napon belül szállítjuk. A rendelés értéke: 41500.0
kisspal@gmail.com;A rendelése függő állapotba került, hamarosan értesítjük a szállítás időpontjáról!nagyatilla@freemail.hu;A rendelését két napon belül szállítjuk. A rendelés értéke: 52200.0
krumplifej@merchant.org;A rendelését két napon belül szállítjuk. A rendelés értéke: 68500.0
kovacs7@merchant.org;A rendelését két napon belül szállítjuk. A rendelés értéke: 107100.0
zoltantoth@fidesz.gov;A rendelését két napon belül szállítjuk. A rendelés értéke: 8200.0
kisspal@merchant.org;A rendelését két napon belül szállítjuk. A rendelés értéke: 3100.0
kovacs7@freemail.hu;A rendelését két napon belül szállítjuk. A rendelés értéke: 3000.0
fagylaltos@gmail.com;A rendelését két napon belül szállítjuk. A rendelés értéke: 85900.0
eva2001@merchant.org;A rendelését két napon belül szállítjuk. A rendelés értéke: 71000.0
kovacs7@golden.com;A rendelése függő állapotba került, hamarosan értesítjük a szállítás időpontjáról!kisspal@freemail.hu;A rendelését két napon belül szállítjuk. A rendelés értéke: 2500.0
kisspal@merchant.org;A rendelése függő állapotba került, hamarosan értesítjük a szállítás időpontjáról!krumplifej@gmail.com;A rendelését két napon belül szállítjuk. A rendelés értéke: 62700.0
eva2001@merchant.org;A rendelését két napon belül szállítjuk. A rendelés értéke: 35000.0
szputnyik@golden.com;A rendelése függő állapotba került, hamarosan értesítjük a szállítás időpontjáról!szputnyik@fidesz.gov;A rendelését két napon belül szállítjuk. A rendelés értéke: 119600.0
zoltantoth@citromail.hu;A rendelését két napon belül szállítjuk. A rendelés értéke: 113200.0
kisspal@golden.com;A rendelését két napon belül szállítjuk. A rendelés értéke: 94000.0
kisspal@freemail.hu;A rendelését két napon belül szállítjuk. A rendelés értéke: 13000.0
nagyatilla@fidesz.gov;A rendelése függő állapotba került, hamarosan értesítjük a szállítás időpontjáról!eva2001@freemail.hu;A rendelése függő állapotba került, hamarosan értesítjük a szállítás időpontjáról!eva2001@citromail.hu;A rendelését két napon belül szállítjuk. A rendelés értéke: 67100.0
majoros@fidesz.gov;A rendelését két napon belül szállítjuk. A rendelés értéke: 12300.0
majoros@freemail.hu;A rendelése függő állapotba került, hamarosan értesítjük a szállítás időpontjáról!krumplifej@merchant.org;A rendelése függő állapotba került, hamarosan értesítjük a szállítás időpontjáról!eva2001@merchant.org;A rendelését két napon belül szállítjuk. A rendelés értéke: 600.0
kisspal@freemail.hu;A rendelése függő állapotba került, hamarosan értesítjük a szállítás időpontjáról!fagylaltos@fidesz.gov;A rendelése függő állapotba került, hamarosan értesítjük a szállítás időpontjáról!kovacs7@freemail.hu;A rendelése függő állapotba került, hamarosan értesítjük a szállítás időpontjáról!nagyatilla@merchant.org;A rendelése függő állapotba került, hamarosan értesítjük a szállítás időpontjáról!nagyatilla@freemail.hu;A rendelése függő állapotba került, hamarosan értesítjük a szállítás időpontjáról!fagylaltos@gmail.com;A rendelése függő állapotba került, hamarosan értesítjük a szállítás időpontjáról!eva2001@golden.com;A rendelése függő állapotba került, hamarosan értesítjük a szállítás időpontjáról!majoros@fidesz.gov;A rendelését két napon belül szállítjuk. A rendelés értéke: 2200.0
majoros@freemail.hu;A rendelését két napon belül szállítjuk. A rendelés értéke: 19000.0
eva2001@fidesz.gov;A rendelését két napon belül szállítjuk. A rendelés értéke: 3700.0
majoros@golden.com;A rendelését két napon belül szállítjuk. A rendelés értéke: 17000.0
szputnyik@citromail.hu;A rendelését két napon belül szállítjuk. A rendelés értéke: 63100.0
nagyatilla@freemail.hu;A rendelését két napon belül szállítjuk. A rendelés értéke: 31800.0
krumplifej@merchant.org;A rendelését két napon belül szállítjuk. A rendelés értéke: 163000.0
kovacs7@freemail.hu;A rendelését két napon belül szállítjuk. A rendelés értéke: 93400.0
kisspal@citromail.hu;A rendelését két napon belül szállítjuk. A rendelés értéke: 64200.0
szputnyik@gmail.com;A rendelését két napon belül szállítjuk. A rendelés értéke: 16400.0
kovacs7@golden.com;A rendelését két napon belül szállítjuk. A rendelés értéke: 1800.0
fagylaltos@freemail.hu;A rendelése függő állapotba került, hamarosan értesítjük a szállítás időpontjáról!erikaszep@merchant.org;A rendelése függő állapotba került, hamarosan értesítjük a szállítás időpontjáról!majoros@citromail.hu;A rendelését két napon belül szállítjuk. A rendelés értéke: 99300.0
eva2001@fidesz.gov;A rendelése függő állapotba került, hamarosan értesítjük a szállítás időpontjáról!zoltantoth@citromail.hu;A rendelése függő állapotba került, hamarosan értesítjük a szállítás időpontjáról!krumplifej@gmail.com;A rendelése függő állapotba került, hamarosan értesítjük a szállítás időpontjáról!eva2001@freemail.hu;A rendelése függő állapotba került, hamarosan értesítjük a szállítás időpontjáról!kisspal@gmail.com;A rendelése függő állapotba került, hamarosan értesítjük a szállítás időpontjáról!eva2001@merchant.org;A rendelését két napon belül szállítjuk. A rendelés értéke: 76500.0
nagyatilla@gmail.com;A rendelését két napon belül szállítjuk. A rendelés értéke: 600.0
krumplifej@merchant.org;A rendelése függő állapotba került, hamarosan értesítjük a szállítás időpontjáról!nagyatilla@merchant.org;A rendelése függő állapotba került, hamarosan értesítjük a szállítás időpontjáról!kisspal@merchant.org;A rendelése függő állapotba került, hamarosan értesítjük a szállítás időpontjáról!fagylaltos@gmail.com;A rendelését két napon belül szállítjuk. A rendelés értéke: 76400.0
nagyatilla@fidesz.gov;A rendelése függő állapotba került, hamarosan értesítjük a szállítás időpontjáról!eva2001@citromail.hu;A rendelését két napon belül szállítjuk. A rendelés értéke: 130000.0
nagyatilla@fidesz.gov;A rendelése függő állapotba került, hamarosan értesítjük a szállítás időpontjáról!kisspal@citromail.hu;A rendelése függő állapotba került, hamarosan értesítjük a szállítás időpontjáról!zoltantoth@freemail.hu;A rendelését két napon belül szállítjuk. A rendelés értéke: 41100.0
krumplifej@fidesz.gov;A rendelését két napon belül szállítjuk. A rendelés értéke: 4200.0
krumplifej@gmail.com;A rendelése függő állapotba került, hamarosan értesítjük a szállítás időpontjáról!fagylaltos@fidesz.gov;A rendelése függő állapotba került, hamarosan értesítjük a szállítás időpontjáról!erikaszep@citromail.hu;A rendelése függő állapotba került, hamarosan értesítjük a szállítás időpontjáról!szputnyik@gmail.com;A rendelése függő állapotba került, hamarosan értesítjük a szállítás időpontjáról!zoltantoth@merchant.org;A rendelése függő állapotba került, hamarosan értesítjük a szállítás időpontjáról!fagylaltos@citromail.hu;A rendelését két napon belül szállítjuk. A rendelés értéke: 33600.0
nagyatilla@golden.com;A rendelése függő állapotba került, hamarosan értesítjük a szállítás időpontjáról!fagylaltos@golden.com;A rendelése függő állapotba került, hamarosan értesítjük a szállítás időpontjáról!majoros@fidesz.gov;A rendelése függő állapotba került, hamarosan értesítjük a szállítás időpontjáról!zoltantoth@golden.com;A rendelése függő állapotba került, hamarosan értesítjük a szállítás időpontjáról!eva2001@golden.com;A rendelése függő állapotba került, hamarosan értesítjük a szállítás időpontjáról!zoltantoth@golden.com;A rendelése függő állapotba került, hamarosan értesítjük a szállítás időpontjáról!erikaszep@freemail.hu;A rendelése függő állapotba került, hamarosan értesítjük a szállítás időpontjáról!eva2001@fidesz.gov;A rendelését két napon belül szállítjuk. A rendelés értéke: 27100.0
erikaszep@gmail.com;A rendelése függő állapotba került, hamarosan értesítjük a szállítás időpontjáról!eva2001@citromail.hu;A rendelése függő állapotba került, hamarosan értesítjük a szállítás időpontjáról!kisspal@merchant.org;A rendelése függő állapotba került, hamarosan értesítjük a szállítás időpontjáról!erikaszep@freemail.hu;A rendelése függő állapotba került, hamarosan értesítjük a szállítás időpontjáról!kisspal@gmail.com;A rendelése függő állapotba került, hamarosan értesítjük a szállítás időpontjáról!szputnyik@citromail.hu;A rendelése függő állapotba került, hamarosan értesítjük a szállítás időpontjáról!majoros@freemail.hu;A rendelése függő állapotba került, hamarosan értesítjük a szállítás időpontjáról!szputnyik@merchant.org;A rendelése függő állapotba került, hamarosan értesítjük a szállítás időpontjáról!kisspal@citromail.hu;A rendelése függő állapotba került, hamarosan értesítjük a szállítás időpontjáról!majoros@citromail.hu;A rendelése függő állapotba került, hamarosan értesítjük a szállítás időpontjáról!majoros@merchant.org;A rendelése függő állapotba került, hamarosan értesítjük a szállítás időpontjáról!kisspal@gmail.com;A rendelése függő állapotba került, hamarosan értesítjük a szállítás időpontjáról!nagyatilla@merchant.org;A rendelése függő állapotba került, hamarosan értesítjük a szállítás időpontjáról!erikaszep@golden.com;A rendelése függő állapotba került, hamarosan értesítjük a szállítás időpontjáról!szputnyik@golden.com;A rendelése függő állapotba került, hamarosan értesítjük a szállítás időpontjáról!nagyatilla@golden.com;A rendelését két napon belül szállítjuk. A rendelés értéke: 70000.0
kovacs7@fidesz.gov;A rendelését két napon belül szállítjuk. A rendelés értéke: 12400.0
fagylaltos@gmail.com;A rendelése függő állapotba került, hamarosan értesítjük a szállítás időpontjáról!kisspal@fidesz.gov;A rendelése függő állapotba került, hamarosan értesítjük a szállítás időpontjáról!kisspal@merchant.org;A rendelését két napon belül szállítjuk. A rendelés értéke: 213000.0
szputnyik@gmail.com;A rendelése függő állapotba került, hamarosan értesítjük a szállítás időpontjáról!kisspal@fidesz.gov;A rendelése függő állapotba került, hamarosan értesítjük a szállítás időpontjáról!majoros@citromail.hu;A rendelése függő állapotba került, hamarosan értesítjük a szállítás időpontjáról!kisspal@citromail.hu;A rendelése függő állapotba került, hamarosan értesítjük a szállítás időpontjáról!fagylaltos@freemail.hu;A rendelését két napon belül szállítjuk. A rendelés értéke: 51900.0
krumplifej@freemail.hu;A rendelése függő állapotba került, hamarosan értesítjük a szállítás időpontjáról!zoltantoth@freemail.hu;A rendelését két napon belül szállítjuk. A rendelés értéke: 800.0
krumplifej@freemail.hu;A rendelését két napon belül szállítjuk. A rendelés értéke: 600.0
nagyatilla@fidesz.gov;A rendelését két napon belül szállítjuk. A rendelés értéke: 600.0
erikaszep@golden.com;A rendelése függő állapotba került, hamarosan értesítjük a szállítás időpontjáról!kisspal@gmail.com;A rendelését két napon belül szállítjuk. A rendelés értéke: 99500.0
kisspal@fidesz.gov;A rendelése függő állapotba került, hamarosan értesítjük a szállítás időpontjáról!erikaszep@merchant.org;A rendelését két napon belül szállítjuk. A rendelés értéke: 61400.0
zoltantoth@freemail.hu;A rendelése függő állapotba került, hamarosan értesítjük a szállítás időpontjáról!nagyatilla@freemail.hu;A rendelése függő állapotba került, hamarosan értesítjük a szállítás időpontjáról!